{
    "rms_error": 4.424524182016862,
    "camera_matrix_left": [
        [
            1992.8856895994866,
            0.0,
            364.9497613140208
        ],
        [
            0.0,
            1977.3203621432435,
            604.8817280312132
        ],
        [
            0.0,
            0.0,
            1.0
        ]
    ],
    "dist_coeff_left": [
        [
            -0.4050996723711167,
            9.643738658107909,
            0.051155848478079906,
            -0.04630035017355395,
            -52.87864845847289
        ]
    ],
    "camera_matrix_right": [
        [
            1963.5314516177143,
            0.0,
            379.52981000620264
        ],
        [
            0.0,
            2036.4966810127603,
            597.9556282415256
        ],
        [
            0.0,
            0.0,
            1.0
        ]
    ],
    "dist_coeff_right": [
        [
            -0.23479896919886784,
            1.0967977588298878,
            0.007546593781222291,
            -0.011748726189849602,
            -1.8718789270930296
        ]
    ],
    "R": [
        [
            0.9963192647412364,
            0.00838608568059256,
            -0.085308828807103
        ],
        [
            -0.008282712795590643,
            0.9999644721164189,
            0.0015656224568866238
        ],
        [
            0.08531892740903162,
            -0.0008532712871701997,
            0.9963533271655607
        ]
    ],
    "T": [
        [
            -88.91895708282374
        ],
        [
            -3.39460701230928
        ],
        [
            27.646419986742288
        ]
    ]
}