{
    "rms_error": 0.9844617679017789,
    "camera_matrix_left": [
        [
            1723.1479036284443,
            0.0,
            323.49078795745913
        ],
        [
            0.0,
            1705.5507245339145,
            532.1780171903498
        ],
        [
            0.0,
            0.0,
            1.0
        ]
    ],
    "dist_coeff_left": [
        [
            -0.1593766751830451,
            0.14999144591390745,
            0.0017817768748732727,
            -0.006628766797503749,
            0.03020324400389409
        ]
    ],
    "camera_matrix_right": [
        [
            1801.3628292365036,
            0.0,
            227.63076763840343
        ],
        [
            0.0,
            1789.933610524003,
            546.1550211239911
        ],
        [
            0.0,
            0.0,
            1.0
        ]
    ],
    "dist_coeff_right": [
        [
            -0.14478375140996813,
            0.36617246866081044,
            0.002601366592412354,
            -0.006688255940346016,
            -1.3632897711163632
        ]
    ],
    "R": [
        [
            0.9995044430288691,
            0.005452449210552494,
            -0.031002244485788085
        ],
        [
            -0.00616911406541282,
            0.99971486209395,
            -0.023068084881985435
        ],
        [
            0.030867627009508812,
            0.023247909714228174,
            0.9992530832060119
        ]
    ],
    "T": [
        [
            -84.00135781077053
        ],
        [
            0.9986333420090511
        ],
        [
            31.409781891884133
        ]
    ]
}